<?xml version='1.0' encoding='UTF-8'?>
<faces-config version="2.2"
              xmlns="http://xmlns.jcp.org/xml/ns/javaee"
              xmlns:xsi="http://www.w3.org/2001/XMLSchema-instance"
              xsi:schemaLocation="http://xmlns.jcp.org/xml/ns/javaee http://xmlns.jcp.org/xml/ns/javaee/web-facesconfig_2_2.xsd">

    <application>
        <locale-config>
            <default-locale>es</default-locale>
            <supported-locale>es</supported-locale>
            <supported-locale>en</supported-locale>
            <supported-locale>it</supported-locale>
        </locale-config>
        <resource-bundle>
            <base-name>idiomas/textos</base-name>
            <var>txt</var>
        </resource-bundle>
    </application>
</faces-config>

