<?xml version="1.0" encoding="UTF-8"?>
<project-private xmlns="http://www.netbeans.org/ns/project-private/1">
    <editor-bookmarks xmlns="http://www.netbeans.org/ns/editor-bookmarks/2" lastBookmarkId="0"/>
    <open-files xmlns="http://www.netbeans.org/ns/projectui-open-files/2">
        <group>
            <file>file:/C:/Users/EQUIPO/Desktop/DWI_S12_Proyecto/src/java/idiomas/textos_it.properties</file>
            <file>file:/C:/Users/EQUIPO/Desktop/DWI_S12_Proyecto/src/java/controlador/Idioma.java</file>
            <file>file:/C:/Users/EQUIPO/Desktop/DWI_S12_Proyecto/web/index.xhtml</file>
            <file>file:/C:/Users/EQUIPO/Desktop/DWI_S12_Proyecto/web/logueo.xhtml</file>
            <file>file:/C:/Users/EQUIPO/Desktop/DWI_S12_Proyecto/src/java/idiomas/textos_es.properties</file>
            <file>file:/C:/Users/EQUIPO/Desktop/DWI_S12_Proyecto/web/WEB-INF/faces-config.xml</file>
            <file>file:/C:/Users/EQUIPO/Desktop/DWI_S12_Proyecto/src/java/idiomas/textos_en.properties</file>
            <file>file:/C:/Users/EQUIPO/Desktop/DWI_S12_Proyecto/src/java/controlador/ManagedAdmin.java</file>
        </group>
    </open-files>
</project-private>
